{"cameraMode":{"drawMode":0,"name":"Shaded","section":"Shading Mode"},"sceneLighting":true,"audioPlay":false,"sceneViewState":{"m_AlwaysRefresh":false,"showFog":true,"showSkybox":true,"showFlares":true,"showImageEffects":true,"showParticleSystems":true,"showVisualEffectGraphs":true,"m_FxEnabled":true},"in2DMode":false,"pivot":{"x":-15.582578659057618,"y":0.6598663330078125,"z":-10.174798011779786},"rotation":{"x":-0.2931861877441406,"y":-0.34057798981666567,"z":0.11268284916877747,"w":-0.886214554309845},"size":3.8819406032562258,"orthographic":false}