{"cameraMode":{"drawMode":0,"name":"Shaded","section":"Shading Mode"},"sceneLighting":true,"audioPlay":false,"sceneViewState":{"m_AlwaysRefresh":false,"showFog":true,"showSkybox":true,"showFlares":true,"showImageEffects":true,"showParticleSystems":true,"showVisualEffectGraphs":true,"m_FxEnabled":true},"in2DMode":false,"pivot":{"x":-8.425408363342286,"y":3.8226420879364015,"z":-12.125288009643555},"rotation":{"x":0.3639794886112213,"y":-0.22341939806938172,"z":0.09026403725147248,"w":0.8999508619308472},"size":2.6364996433258058,"orthographic":false}