{"cameraMode":{"drawMode":0,"name":"Shaded","section":"Shading Mode"},"sceneLighting":true,"audioPlay":false,"sceneViewState":{"m_AlwaysRefresh":false,"showFog":true,"showSkybox":true,"showFlares":true,"showImageEffects":true,"showParticleSystems":true,"showVisualEffectGraphs":true,"m_FxEnabled":true},"in2DMode":false,"pivot":{"x":-6.477931499481201,"y":-6.924093723297119,"z":13.214081764221192},"rotation":{"x":-0.13564105331897736,"y":-0.10457253456115723,"z":0.014381120912730694,"w":-0.9852451086044312},"size":21.693912506103517,"orthographic":false}