{"cameraMode":{"drawMode":0,"name":"Shaded","section":"Shading Mode"},"sceneLighting":true,"audioPlay":false,"sceneViewState":{"m_AlwaysRefresh":false,"showFog":true,"showSkybox":true,"showFlares":true,"showImageEffects":true,"showParticleSystems":true,"showVisualEffectGraphs":true,"m_FxEnabled":true},"in2DMode":false,"pivot":{"x":-14.432612419128418,"y":-7.341126441955566,"z":13.429615020751954},"rotation":{"x":0.2289813607931137,"y":-0.04870882257819176,"z":0.011464645154774189,"w":0.9722105264663696},"size":15.440244674682618,"orthographic":false}