{"cameraMode":{"drawMode":0,"name":"Shaded","section":"Shading Mode"},"sceneLighting":true,"audioPlay":false,"sceneViewState":{"m_AlwaysRefresh":false,"showFog":true,"showSkybox":true,"showFlares":true,"showImageEffects":true,"showParticleSystems":true,"showVisualEffectGraphs":true,"m_FxEnabled":true},"in2DMode":false,"pivot":{"x":-15.156183242797852,"y":0.4046081304550171,"z":-10.848760604858399},"rotation":{"x":-0.12370636314153671,"y":-0.4698060154914856,"z":0.06668223440647125,"w":-0.8715222477912903},"size":2.180544137954712,"orthographic":false}